"ID","Description","GeneRatio","BgRatio","RichFactor","FoldEnrichment","zScore","pvalue","p.adjust","qvalue","geneID","Count"
"GO:0008380","RNA splicing","22/194","492/18842",0.0447154471544715,4.34293018187914,7.66352419532142,8.06401486578688e-09,4.74164074108269e-05,4.74164074108269e-05,"KHDC4/UBL5/CLK2/HSPA8/TRA2A/SRSF5/SCAF11/DDX39B/LUC7L3/USP4/CELF1/CCNL2/FUS/SNRPC/YBX1/SNRNP70/MBNL1/SRRM2/SNRPD2/SYNCRIP/DDX17/ZNF638",22
"GO:0000377","RNA splicing, via transesterification reactions with bulged adenosine as nucleophile","17/194","357/18842",0.0476190476190476,4.62493863524791,7.05280293309689,1.81965020377172e-07,0.000313236894683317,0.000313236894683317,"KHDC4/UBL5/HSPA8/TRA2A/SRSF5/SCAF11/DDX39B/LUC7L3/USP4/CELF1/CCNL2/SNRPC/SNRNP70/SRRM2/SNRPD2/SYNCRIP/DDX17",17
"GO:0000398","mRNA splicing, via spliceosome","17/194","357/18842",0.0476190476190476,4.62493863524791,7.05280293309689,1.81965020377172e-07,0.000313236894683317,0.000313236894683317,"KHDC4/UBL5/HSPA8/TRA2A/SRSF5/SCAF11/DDX39B/LUC7L3/USP4/CELF1/CCNL2/SNRPC/SNRNP70/SRRM2/SNRPD2/SYNCRIP/DDX17",17
"GO:0000375","RNA splicing, via transesterification reactions","17/194","361/18842",0.0470914127423823,4.57369277779364,6.99269830632578,2.13086322913821e-07,0.000313236894683317,0.000313236894683317,"KHDC4/UBL5/HSPA8/TRA2A/SRSF5/SCAF11/DDX39B/LUC7L3/USP4/CELF1/CCNL2/SNRPC/SNRNP70/SRRM2/SNRPD2/SYNCRIP/DDX17",17
"GO:0022618","protein-RNA complex assembly","13/194","259/18842",0.0501930501930502,4.87493531823429,6.40461658431488,2.99243198362228e-06,0.0035191000127398,0.0035191000127398,"KHDC4/SRSF5/SCAF11/EIF3K/DDX39B/LUC7L3/USP4/CELF1/SNRPC/SNRNP70/SNRPD2/SYNCRIP/DICER1",13
"GO:0071826","protein-RNA complex organization","13/194","268/18842",0.0485074626865672,4.71122480381597,6.24120787796837,4.34921682357609e-06,0.00426223248710456,0.00426223248710456,"KHDC4/SRSF5/SCAF11/EIF3K/DDX39B/LUC7L3/USP4/CELF1/SNRPC/SNRNP70/SNRPD2/SYNCRIP/DICER1",13
"GO:0000245","spliceosomal complex assembly","8/194","98/18842",0.0816326530612245,7.92846623185357,7.01383773353249,7.79598365453868e-06,0.00654862626981249,0.00654862626981249,"KHDC4/SRSF5/SCAF11/DDX39B/LUC7L3/CELF1/SNRPC/SNRPD2",8
"GO:0006403","RNA localization","11/194","206/18842",0.0533980582524272,5.18621759583625,6.16191591418523,9.82578870972875e-06,0.00722195470165063,0.00722195470165063,"SEC13/TPR/ZC3H11C/CCT7/DDX39B/YBX1/PABPN1/NOP10/NEAT1/ZC3H11A/NPIPA1",11
"GO:0046034","ATP metabolic process","11/194","216/18842",0.0509259259259259,4.94611492936235,5.94940474577325,1.5335356777207e-05,0.0100190997611086,0.0100190997611086,"STOML2/PGK1/HSPA8/NDUFB4/INSR/ATP5PD/PKM/NDUFA1/ATP5F1B/ATP5MJ/PGAM1",11
"GO:1904263","positive regulation of TORC1 signaling","6/194","55/18842",0.109090909090909,10.5953139643861,7.26856245123208,2.10139998241214e-05,0.0123562318965834,0.0123562318965834,"SEC13/USP4/LARS1/CSNK1A1/LAMTOR5/RBX1",6
"GO:0009060","aerobic respiration","12/194","269/18842",0.0446096654275093,4.33265626796459,5.61516267684295,2.35807988732074e-05,0.0126050088522236,0.0126050088522236,"STOML2/PGK1/RHOA/NDUFB4/INSR/ATP5PD/PPIF/PKM/NDUFA1/ATP5F1B/COX7A2L/PGAM1",12
"GO:0043484","regulation of RNA splicing","10/194","189/18842",0.0529100529100529,5.13882070583101,5.83270322534768,2.71324433237811e-05,0.0132948972286527,0.0132948972286527,"CLK2/SRSF5/CELF1/CCNL2/FUS/SNRNP70/MBNL1/SNRPD2/DDX17/ZNF638",10
"GO:0006298","mismatch repair","5/194","36/18842",0.138888888888889,13.4894043528064,7.65035292449535,3.19649595550142e-05,0.0144579970910372,0.0144579970910372,"PMS2P5/PMS2P6/PMS2P1/HMGB1/PMS2P3",5
"GO:0015931","nucleobase-containing compound transport","11/194","236/18842",0.0466101694915254,4.526952647213,5.56116564976756,3.47609367056664e-05,0.0145995934163799,0.0145995934163799,"SEC13/TPR/ZC3H11C/DDX39B/YBX1/PABPN1/SLC25A5/NEAT1/ZC3H11A/SLC25A16/NPIPA1",11
"GO:0009205","purine ribonucleoside triphosphate metabolic process","11/194","238/18842",0.046218487394958,4.48891102832886,5.5247409240727,3.75451636535871e-05,0.0147177041522061,0.0147177041522061,"STOML2/PGK1/HSPA8/NDUFB4/INSR/ATP5PD/PKM/NDUFA1/ATP5F1B/ATP5MJ/PGAM1",11
"GO:0009144","purine nucleoside triphosphate metabolic process","11/194","243/18842",0.0452674897119342,4.39654660387765,5.4354139790898,4.53612565111637e-05,0.0166702617678527,0.0166702617678527,"STOML2/PGK1/HSPA8/NDUFB4/INSR/ATP5PD/PKM/NDUFA1/ATP5F1B/ATP5MJ/PGAM1",11
"GO:0050657","nucleic acid transport","9/194","164/18842",0.0548780487804878,5.32995976866985,5.68037894718366,5.18115355534061e-05,0.0169251016141127,0.0169251016141126,"SEC13/TPR/ZC3H11C/DDX39B/YBX1/PABPN1/NEAT1/ZC3H11A/NPIPA1",9
"GO:0050658","RNA transport","9/194","164/18842",0.0548780487804878,5.32995976866985,5.68037894718366,5.18115355534061e-05,0.0169251016141127,0.0169251016141126,"SEC13/TPR/ZC3H11C/DDX39B/YBX1/PABPN1/NEAT1/ZC3H11A/NPIPA1",9
"GO:0051236","establishment of RNA localization","9/194","167/18842",0.0538922155688623,5.23421198839435,5.6057953278431,5.9645959548805e-05,0.0184588548498407,0.0184588548498407,"SEC13/TPR/ZC3H11C/DDX39B/YBX1/PABPN1/NEAT1/ZC3H11A/NPIPA1",9
"GO:0045333","cellular respiration","12/194","303/18842",0.0396039603960396,3.84648361743391,5.09475800258255,7.47059456425797e-05,0.0219635480189184,0.0219635480189184,"STOML2/PGK1/RHOA/NDUFB4/INSR/ATP5PD/PPIF/PKM/NDUFA1/ATP5F1B/COX7A2L/PGAM1",12
"GO:0009141","nucleoside triphosphate metabolic process","11/194","259/18842",0.0424710424710425,4.12494526927517,5.16500912995781,8.04945766303842e-05,0.0225384814565076,0.0225384814565076,"STOML2/PGK1/HSPA8/NDUFB4/INSR/ATP5PD/PKM/NDUFA1/ATP5F1B/ATP5MJ/PGAM1",11
"GO:0051028","mRNA transport","8/194","137/18842",0.0583941605839416,5.67145759650839,5.59719642218592,8.80311823542438e-05,0.0235283341928615,0.0235283341928615,"SEC13/TPR/ZC3H11C/DDX39B/PABPN1/NEAT1/ZC3H11A/NPIPA1",8
"GO:0006119","oxidative phosphorylation","8/194","139/18842",0.0575539568345324,5.58985389008381,5.53971386676378,9.74389131434548e-05,0.0249104699688485,0.0249104699688484,"STOML2/RHOA/NDUFB4/ATP5PD/PPIF/NDUFA1/ATP5F1B/COX7A2L",8
"GO:0006376","mRNA splice site recognition","5/194","48/18842",0.104166666666667,10.1170532646048,6.45063114346183,0.000131368717745347,0.0310321493725098,0.0310321493725098,"KHDC4/SRSF5/LUC7L3/CELF1/SNRPC",5
"GO:0015986","proton motive force-driven ATP synthesis","6/194","76/18842",0.0789473684210526,7.66766142159523,5.94061200091893,0.00013251323118236,0.0310321493725098,0.0310321493725098,"STOML2/NDUFB4/ATP5PD/NDUFA1/ATP5F1B/ATP5MJ",6
"GO:0006406","mRNA export from nucleus","6/194","77/18842",0.0779220779220779,7.56808140313295,5.89042070983317,0.000142494563445198,0.0310321493725098,0.0310321493725098,"TPR/ZC3H11C/DDX39B/PABPN1/NEAT1/ZC3H11A",6
"GO:0032008","positive regulation of TOR signaling","6/194","77/18842",0.0779220779220779,7.56808140313295,5.89042070983317,0.000142494563445198,0.0310321493725098,0.0310321493725098,"SEC13/USP4/LARS1/CSNK1A1/LAMTOR5/RBX1",6
"GO:0009150","purine ribonucleotide metabolic process","12/194","340/18842",0.0352941176470588,3.42789569436022,4.60783431470798,0.000219325812762815,0.0447684678647573,0.0447684678647573,"STOML2/PGK1/HSPA8/PDE4C/NDUFB4/INSR/ATP5PD/PKM/NDUFA1/ATP5F1B/ATP5MJ/PGAM1",12
"GO:1900152","negative regulation of nuclear-transcribed mRNA catabolic process, deadenylation-dependent decay","3/194","12/18842",0.25,24.2809278350515,8.22815486572314,0.000220796865319381,0.0447684678647573,0.0447684678647573,"TENT4A/YBX1/SYNCRIP",3
