"","logFC","AveExpr","t","P.Value","adj.P.Val","B"
"PGC",-2.65281538577641,8.32850041169,-10.6152545122192,9.66452679715101e-22,9.06049387232907e-20,38.7248936241727
"CYP4B1",-2.60528203925032,6.89239034956615,-10.2838400361486,1.04614421754076e-20,7.84608163155572e-19,36.3833836503105
"C1orf116",-2.17739859689598,8.13780932494611,-10.7775397956652,2.98295201226582e-22,3.44186770646056e-20,39.8807911217062
"ADH1B",-2.17266118628368,5.45380227649541,-10.231569085166,1.51943059185368e-20,1.08530756560977e-18,36.0165426160425
"SFTPC",-2.02550651597563,9.38216385218145,-6.24607154399083,1.96789987795543e-09,2.04280264147622e-08,10.9711155370096
"SCGB1A1",-2.01409629922473,8.22911405162397,-6.36816963986826,1.00315586661838e-09,1.09834583936319e-08,11.6255254187882
"TSPAN8",-1.95764112544386,7.91951518045735,-6.74530919963874,1.186384543919e-10,1.54075914794676e-09,13.702078973712
"WIF1",-1.95350002172578,5.81690637535747,-7.97673276288093,6.67596511036416e-14,1.7117859257344e-12,21.0087857167863
"FOLR1",-1.94926129014471,9.41417035498654,-9.3474818782036,7.48124087812066e-18,3.50683166161906e-16,29.9267505723415
"COL11A1",1.91861314469306,7.33977174621612,8.56482042809022,1.47037316075664e-15,4.74313922824722e-14,24.746085041685
"CYP2B6",-1.86622508961003,9.6723156770466,-7.54883284014407,9.76635609118125e-13,1.97966677523944e-11,18.3848223096068
"CYP2B7P",-1.86622508961003,9.6723156770466,-7.54883284014407,9.76635609118125e-13,1.97966677523944e-11,18.3848223096068
"RRM2",1.85141970126358,7.47242902902835,12.5013951865964,8.36890502050779e-28,1.25533575307617e-24,52.4571937342374
"SELENBP1",-1.84332082170311,9.14301088288778,-12.0422780327038,2.63445491767119e-26,1.31722745883559e-23,49.0631505799843
"MMP12",1.82041216356535,8.28356409633097,7.94164391532967,8.34454419773854e-14,2.08613604943463e-12,20.7904618109806
"TOP2A",1.79148729911793,7.28307809687412,11.59686269931,7.27756387697974e-25,2.7290864538674e-22,45.7979741659606
"CACNA2D2",-1.75659075294679,8.02114460542474,-10.1489226794141,2.73745768304689e-20,1.86644842025925e-18,35.4379577802497
"FMO5",-1.75077136903216,7.13664188262148,-8.73607946169932,4.71740967546946e-16,1.64560802632655e-14,25.8606563253258
"TFPI2",1.74558385612183,7.85044350890754,5.45477148954678,1.24545068670318e-07,9.27134506230652e-07,6.95671973372383
"SFTPD",-1.72376197970315,9.18433149256181,-7.71007699829179,3.58825389044817e-13,8.09380576792821e-12,19.3636158415929
"GREM1",1.72228144357472,7.09295088951022,8.37884502126642,4.98931023146375e-15,1.48197333607834e-13,23.5487405863673
"ADGRF5",-1.64061935153491,9.23002117311501,-8.88129967208058,1.78384010805904e-16,6.76947822880002e-15,26.8144256589045
"CCNB1",1.61774083888743,6.90222006307309,12.1966936153207,8.28224438115751e-27,8.28224438115751e-24,50.2017245185315
"C4BPA",-1.59281022765132,9.10656442660513,-6.40624052449178,8.11628151527248e-10,9.08538975590203e-09,11.8313947302279
"AQP3",-1.58439008580167,9.75638853552363,-6.81378638944107,7.9841479906878e-11,1.0551737432627e-09,14.08778825906
"HPGD",-1.58424615843737,6.23207047486911,-6.47143888388355,5.63568532104555e-10,6.48120918446617e-09,12.1859425986633
"SLPI",-1.57723172047695,10.289385881506,-7.1051229331121,1.44015141133023e-11,2.20431338468913e-10,15.7573464612031
"PLA2G10",-1.57636760489608,7.15918935187731,-12.0430491986021,2.61929545229178e-26,1.31722745883559e-23,49.0688287848867
"SPINK1",-1.57229850234338,8.49000532588447,-4.40286825364541,1.62567909263417e-05,7.51469534345534e-05,2.28833530080278
"CDC20",1.567062513919,7.26739198284195,11.4872144085058,1.63952623579321e-24,4.47143518852693e-22,44.9989559121133
"CEP55",1.56327403886273,6.46151316668844,12.1461294411072,1.21020666629223e-26,9.0765499971917e-24,49.8285459161315
"MAGEA3",1.55247052258177,6.80825369422771,4.8273278683137,2.49954379787239e-06,1.357801198833e-05,4.0744955083994
"ASPM",1.53646111143389,6.22622538983477,10.7924750462659,2.67630482607616e-22,3.29149701804201e-20,39.9874613846475
"UBE2C",1.48692240838844,8.92230104469916,10.8272098230426,2.07917221697643e-22,2.71196376127361e-20,40.235729587351
"MAGEA6",1.48193259439487,5.61053746728248,4.80781159441985,2.7320081376302e-06,1.47676115547578e-05,3.9893957773988
"SFTPA2",-1.46946866135774,11.5420593312237,-4.84748432971743,2.27955416440016e-06,1.25480045746798e-05,4.16268232640781
"MSLN",-1.46912403604691,7.48192759298584,-4.4084785785096,1.58729668691671e-05,7.35995372604349e-05,2.31104592869055
"TMPRSS2",-1.45193331834457,6.99420254963438,-10.1664019541628,2.41734622928681e-20,1.68652062508382e-18,35.5601773335876
"PLOD2",1.44632271707972,8.33090263753165,7.65622457509118,5.01991062984348e-13,1.08882077048672e-11,19.0353461264414
"CLDN18",-1.44533871304496,7.38510785129927,-7.17779338990771,9.33043602247672e-12,1.52126674279512e-10,16.1808231051852
"SLC44A4",-1.42285580913585,7.2852072102101,-10.6681422602209,6.59294067853208e-22,6.59294067853208e-20,39.1009465633595
"SFTPB",-1.42084373465185,12.0987306256336,-5.47602926705034,1.11991012980598e-07,8.39932597354486e-07,7.05919711652234
"PRC1",1.41717728850037,7.31860368158216,10.6768955589381,6.18816610472659e-22,6.40155114282061e-20,39.1632469476513
"CTSH",-1.41370323941178,10.3627774620398,-10.0525517791771,5.42622476863889e-20,3.39139048039931e-18,34.7655583981301
"MAD2L1",1.40600091193203,6.09393364964043,11.2143246012161,1.22647255347912e-23,2.21500398791228e-21,43.0194586766658
"TPX2",1.40426157912394,7.60830020008334,12.6687169447844,2.36616999414815e-28,7.09850998244446e-25,53.7002434697643
"RNASE1",-1.39201831905345,11.097010155652,-8.06264545193166,3.85756820562024e-14,1.0151495277948e-12,21.5456335208543
"CXCL9",1.37282252763527,8.95766227706357,6.83733648334427,6.96343939424153e-11,9.2435036206746e-10,14.2210377055139
"SULF1",1.37111144116255,8.3780012183815,8.23915534037773,1.23784114559742e-14,3.50332399697382e-13,22.6586261048509
"HSD17B6",-1.37039200348894,5.22442946075104,-8.73415751913373,4.77827127333124e-16,1.64767974942456e-14,25.8480861055523
"TYMS",1.36313053705846,9.11079087292806,11.3718816260309,3.84395585112343e-24,8.23704825240734e-22,44.160727596091
"CD302",-1.35418099047111,7.7446937803654,-9.96163194430089,1.03241865205177e-19,6.05322891919829e-18,34.1334872121133
"LY75-CD302",-1.35418099047111,7.7446937803654,-9.96163194430089,1.03241865205177e-19,6.05322891919829e-18,34.1334872121133
"NUSAP1",1.3448221008703,8.48522918875457,10.8838073257263,1.37719351412415e-22,1.87799115562385e-20,40.6408139076478
"CENPU",1.34260196308632,6.90265151965394,9.95934530206525,1.04922634599437e-19,6.05322891919829e-18,34.117619797445
"MELK",1.33722407803557,8.0443866139996,11.7828123865284,1.82752644668679e-25,7.83225620008624e-23,47.157463379159
"MAOA",-1.33538239600658,9.49632901834616,-8.68852960633381,6.47537118792834e-16,2.18270938918933e-14,25.5500721639396
"UBE2S",1.33517527310368,8.40481741027245,11.2111775435783,1.25516892648363e-23,2.21500398791228e-21,42.9967095525846
"GDF15",-1.33416222343345,7.78224436039576,-6.40282470697339,8.27232042084173e-10,9.22563615707256e-09,11.8128885604395
"CDKN3",1.33096698946605,7.01915552956722,10.5683650665927,1.35585578005285e-21,1.23259616368441e-19,38.3920254191704
"CLU",-1.32793214526189,8.58359045200656,-7.12962842030279,1.24443239715137e-11,1.94442562054902e-10,15.8998410887657
"PCLAF",1.32394878695792,8.92571428865653,10.4493349024986,3.19498008853565e-21,2.66248340711304e-19,37.5493372089754
"RAP1GAP",-1.32378006049187,8.89202023957836,-10.7209031423152,4.49889998029558e-22,4.99877775588398e-20,39.4767241963281
"CDK1",1.32141962289501,7.57709496238951,10.6998163710713,5.24170068949661e-22,5.61610788160351e-20,39.3264639229384
"CKS2",1.31947060063385,8.44798756475262,10.9509385131321,8.44167509929857e-23,1.26625126489479e-20,41.1221618290561
"PRR15L",-1.319415579637,8.34957323095565,-10.0709694037618,4.76201748729299e-20,3.03958563018701e-18,34.8938703878149
"MECOM",-1.30950136728703,7.68288442786582,-8.12579524557558,2.57248583757496e-14,7.01587046611354e-13,21.9422946805635
"FGFR3",-1.30911801123343,7.61832417873976,-7.2523902752752,5.95931972832773e-12,1.01579313551041e-10,16.6183673086821
"COL1A1",1.30736619027706,8.22093521634666,8.09198548303063,3.19633097349187e-14,8.48583444289877e-13,21.7297116451222
"ZWINT",1.30350847645517,8.49638149138997,10.7890908656343,2.74291418170168e-22,3.29149701804201e-20,39.9632867194315
"AURKA",1.29005290717018,7.0414535737212,10.2935557128154,9.75957716825012e-21,7.50736705250009e-19,36.4516452543781
"DMBT1",-1.28151070695421,9.05305606319262,-6.24125998632248,2.02049401467735e-09,2.09016622208001e-08,10.9455109217121
"PLAU",1.28054145392806,8.23513520553349,7.20964525074475,7.70749889422449e-12,1.28458314903742e-10,16.3672986263051
"C7",-1.28049098654125,7.27640633987784,-7.94262513214488,8.29270877337726e-14,2.08613604943463e-12,20.7965595190924
"IGF2BP3",1.27954965051568,5.74314852549803,6.34111375730937,1.16556872971166e-09,1.27152952332181e-08,11.4797434365695
"BIRC5",1.27403807941608,7.07752275250072,11.4328131403672,2.45130151545681e-24,5.65684965105418e-22,44.6032839182197
"MLPH",-1.27206499788178,10.1582026694178,-9.34365183347899,7.68099810366942e-18,3.54507604784742e-16,29.9008812778247
"PMAIP1",1.27009100644808,7.72302595053164,7.19415046461253,8.45886381846306e-12,1.40202162736957e-10,16.2765196106063
"LPL",-1.26914119087829,6.74605138023585,-6.71275334060416,1.43090437926888e-10,1.83449279393446e-09,13.5196191124053
"NDNF",-1.26867930696877,8.15214162034411,-6.7396605895151,1.22564349533603e-10,1.58488383017591e-09,13.6703787147594
"CENPA",1.26659267690654,6.14648699340879,11.303089414033,6.3829630809762e-24,1.27659261619524e-21,43.6618716325693
"NEDD9",-1.25822206409772,8.24544986077219,-7.93856175280776,8.50946126232973e-14,2.10978378404869e-12,20.7713107088667
"SORBS2",-1.25435660490407,7.52220904545483,-10.3610743625944,6.0193721795895e-21,4.880572037505e-19,36.9266788586095
"NEK2",1.25386810314557,6.97598250684704,10.5139476525427,2.00713629279837e-21,1.72040253668431e-19,38.0063559090589
"BUB1B",1.23884819703648,7.35787415017032,9.99339608210067,8.24837333055573e-20,5.05002448809535e-18,34.3540533462477
"TMC5",-1.23800445354789,7.66036311711961,-6.55189487400726,3.58116070004464e-10,4.19667269536481e-09,12.6268836252828
"HOPX",-1.23395625992502,10.3688319791982,-5.62106364119526,5.38216607980486e-08,4.26028977293261e-07,7.76650975287374
"GZMB",1.2270748852934,6.5825367723116,8.77922895923878,3.53637967538689e-16,1.27820952122418e-14,26.1432347275245
"MGP",-1.21558991201169,10.5884209620663,-7.84345264978016,1.55340955705589e-13,3.66947139462021e-12,20.1824470312037
"PEG10",1.20651865756413,6.95574555555422,5.16957642918895,5.03273760072631e-07,3.24692748433955e-06,5.61201379922047
"ACSL5",-1.20473510859213,8.4985751810406,-7.89073293573713,1.15229668105622e-13,2.78781455094248e-12,20.4746706678961
"RACGAP1",1.20460691587928,6.92261501791528,11.0897382026467,3.05965249648417e-23,5.09942082747362e-21,42.1203042317673
"TRIP13",1.20423121192091,7.63381151362368,10.5147233785463,1.99595347827537e-21,1.72040253668431e-19,38.0118487903915
"CXCL10",1.19960437731299,8.69192655529536,7.50475387475467,1.2814083827664e-12,2.54584446907231e-11,18.119419338117
"GBP1",1.19676750350485,8.09688204759208,7.07024962823262,1.77196167576631e-11,2.68479041782774e-10,15.5551081177683
"KIF4A",1.19568274662405,6.66662799453685,11.5277844782198,1.21425081606056e-24,3.64275244818169e-22,45.2943596423512
"STAT1",1.18944196725512,9.22857444254025,9.62089589773295,1.12687127076209e-18,5.93090142506362e-17,31.7855147109308
"DUOX1",-1.18630917615703,6.26369229068472,-10.0749721541578,4.62872712825643e-20,3.0187350836455e-18,34.9217688221789
"AUTS2",-1.18306581048094,8.21117157335211,-6.38595120950226,9.08736932015174e-10,1.00228338089909e-08,11.7215728154967
"CXCL8",1.18196543110846,8.87847017384607,5.61696820761378,5.49571242248347e-08,4.33872033353958e-07,7.74634342125363
"DLGAP5",1.17734167696001,6.03784819785232,9.6753587518961,7.70789769059805e-19,4.12923090567752e-17,32.1585299612814
"CTSE",-1.166783656856,8.97126433243932,-5.38118737334501,1.7949677470103e-07,1.31019543577394e-06,6.60437592656446
"ALOX15B",-1.16467427935123,7.88748940851294,-7.2768082259158,5.14282300858973e-12,8.86693622170643e-11,16.7622084043139
"CRYM",-1.16400898943097,8.1531440171854,-8.74547569165441,4.43075174973119e-16,1.56379473519924e-14,25.9221311570312
"LOXL2",1.16276467680255,8.30337202060374,9.09140946039171,4.3104809224919e-17,1.84734896678224e-15,28.2078838142095
"DLC1",-1.16224224922768,8.77368548795416,-7.83524809873708,1.63588471004416e-13,3.834104789166e-12,20.1318408473106
"MALL",-1.15886211241981,9.89373452897217,-7.18679323994835,8.84047741317316e-12,1.45722155162195e-10,16.2334593170833
"PBK",1.15266690329219,5.53045585606965,7.81636133033992,1.84255821699964e-13,4.28501910930148e-12,20.01546288122
"MUC1",-1.14683505019291,10.5233953650475,-7.06550253598876,1.82259775457591e-11,2.71848767654562e-10,15.5276281552018
"SYBU",-1.14669094814797,7.41987026910347,-7.6481583936135,5.27820642238574e-13,1.1230226430608e-11,18.9862945706055
"FHL1",-1.14395399699142,8.31907034289188,-7.68371901839785,4.22983338914113e-13,9.39962975364696e-12,19.202774396341
"FOXM1",1.1408559333927,7.19218564733719,10.11467877486,3.49185711420763e-20,2.32790474280509e-18,35.198748447663
"MMP1",1.14083445278516,7.14779236622206,3.88312685607829,0.000134228219617096,0.000491678460135884,0.292491645885567
"GINS1",1.13101396170038,6.67768794035553,9.26216624605487,1.34402380513134e-17,6.0180170379015e-16,29.3516407397846
"CENPF",1.12846285835979,7.94235509398044,10.2526704390311,1.30702136456639e-20,9.56357096024186e-19,36.1645496339734
"MSMB",-1.12705170635289,5.49386810651269,-3.78250837461777,0.00019723023780284,0.000689616216093847,-0.0686383266472737
"P3H2",-1.12385862911063,7.54250368315544,-8.44432489100338,3.25004329792204e-15,1.0263294625017e-13,23.9687345396318
"LGALS4",-1.11726207595229,6.15991539935687,-5.02611025515512,9.95108109450304e-07,6.09249862928757e-06,4.95719867775113
"COL5A2",1.11526740757909,8.87515028011066,7.57204668905353,8.46159994861611e-13,1.73868492094852e-11,18.5249722290302
"TACC2",-1.11180299243372,7.75771011494351,-7.37759192014437,2.79071250975108e-12,5.10496190808124e-11,17.3590946627178
"GGH",1.10920080720529,6.38339148021434,7.16099068984869,1.03178968117232e-11,1.66227680229822e-10,16.0826636236796
"FLRT3",-1.10684159216771,7.33261355346221,-5.39756376836388,1.65525479215115e-07,1.21412331942627e-06,6.68247016325268
"TESC",-1.10601964380644,8.03188280329189,-5.27343360211184,3.04566925231616e-07,2.0849562328231e-06,6.09515154140232
"VCAN",1.10581006949056,7.74369948133437,6.6817015360897,1.7100228283836e-10,2.14647216951916e-09,13.3461432352619
"CCNB2",1.10246400494156,7.5853216121485,10.9111265489163,1.12859793476327e-22,1.61228276394753e-20,40.8365867584498
"ABCA3",-1.09516667866328,8.02485287442658,-6.25855289094439,1.83764640388585e-09,1.91421500404776e-08,11.0376001808126
"AGR2",-1.09441228646079,10.6191160388873,-4.74396935589738,3.64754961249246e-06,1.92652268265447e-05,3.71299030587914
"RNASE4",-1.09439739221158,6.72950953820259,-7.49444760109751,1.36524124834723e-12,2.69455509542216e-11,18.0575005597752
"MCM4",1.09389624956666,7.53750888000878,9.8125257461319,2.9502764451264e-19,1.60924169734167e-17,33.1018826095522
"CEACAM6",-1.09170757821512,11.3377223099467,-3.97915836836508,9.22916017077189e-05,0.000357664973238418,0.644908608135945
"S100A8",1.09030964447376,9.07672722830295,4.28826267140373,2.63505193258062e-05,0.000117636246990206,1.82978504105545
"ADAMDEC1",1.08333351015084,6.80419071609133,5.83837700542344,1.75068048760468e-08,1.52233085878667e-07,8.85243511893073
"KCNJ15",-1.07989901832393,6.80695800551555,-6.12464987022677,3.81283216635372e-09,3.8001649498542e-08,10.3292919069244
"COL1A2",1.07520669584865,10.9810623807993,8.04485140933126,4.32276959383641e-14,1.12767902447906e-12,21.4341769495622
"PTCH1",-1.07220390640104,5.83750385606057,-9.43216511322259,4.17278867804712e-18,2.05219115313793e-16,30.4999368413859
"MCM6",1.07180669083616,8.71122691677173,11.4652349964065,1.92894196869322e-24,4.82235492173304e-22,44.8390336603777
"ATP8A1",-1.06994899469674,6.72640378640694,-7.42485789125324,2.0915344061471e-12,3.97126785977298e-11,17.6407753724523
"PFKP",1.06761353145012,9.00163234934902,7.68776684061972,4.12440321782996e-13,9.23373854738052e-12,19.2274537962433
"RFC4",1.06425194715173,7.66430772821298,8.98576908762159,8.8205411273791e-17,3.62487991536127e-15,27.5053134936846
"PNMA2",-1.05689929193142,7.32129721884727,-5.29209067733458,2.78076892111358e-07,1.92662612006214e-06,6.182744303869
"STC1",1.05673209998323,6.94421619855221,7.135350004261,1.20265443601194e-11,1.89892805686095e-10,15.9331561672548
"PDZD2",-1.04645705138184,5.30787498000262,-7.48799854421944,1.42042982040038e-12,2.78515651058899e-11,18.0187817913081
"TOX3",-1.04485787852009,6.44678322650576,-4.02723931427102,7.63053613926612e-05,0.000300021080180844,0.824176898607859
"MTHFD2",1.04383148080773,9.12005743045813,9.29881509089405,1.04528770674623e-17,4.75130775793741e-16,29.598396315545
"ZBTB16",-1.0436341881036,6.16355627422973,-7.71302978427256,3.52266544955162e-13,8.00605783989006e-12,19.381654579191
"DTL",1.03835022664427,6.68949591275496,9.37387649784203,6.23809912587977e-18,2.97052339327608e-16,30.1051573005515
"SOD2",1.03751131347734,8.24371536804597,7.41690537036014,2.19569101900928e-12,4.09134972486201e-11,17.5933049450166
"SOD2-OT1",1.03751131347734,8.24371536804597,7.41690537036014,2.19569101900928e-12,4.09134972486201e-11,17.5933049450166
"IDO1",1.03339058307133,8.18715376296738,6.47037882624837,5.66931676340551e-10,6.49158408023531e-09,12.1801580741654
"MUC5AC",-1.03099727229744,6.35568424012578,-4.56285324745207,8.15063632533039e-06,4.03496847788633e-05,2.94549036840158
"ARSL",-1.03093479846289,6.40118655096684,-7.11948252965228,1.32206215958987e-11,2.05501890091689e-10,15.8408066143831
"WFDC2",-1.03011596498598,10.1522938673581,-5.93941132221334,1.02817429265163e-08,9.37544947706656e-08,9.36774131883002
"SLC7A5",1.02927206520427,8.6372029193391,7.23386815709423,6.66275767503962e-12,1.12293668680443e-10,16.5094602231652
"ABCA8",-1.02545921651859,5.29521870380154,-8.38733543040756,4.72003271396389e-15,1.41600981418917e-13,23.6031008448906
"SLC4A4",-1.02336818114037,6.32972061577546,-5.78866227499538,2.26949972016708e-08,1.92330484759922e-07,8.60128567933174
"COL3A1",1.01827990604641,11.8146386177571,7.5286635031945,1.10599987511575e-12,2.2119997502315e-11,18.2632642651742
"LIMCH1",-1.01782701531301,7.86630602844463,-5.64314065685927,4.80839607506711e-08,3.83648623010674e-07,7.87541137339137
"MAGEA12",1.01463794257903,5.23534865782924,4.29958978029679,2.51331484268343e-05,0.000112873421078597,1.8746479951865
"PRODH",-1.01332018854889,8.34197064035994,-5.67157366131843,4.15670534814237e-08,3.34319464998046e-07,8.01614220179241
"PLA2G1B",-1.01204375076204,5.54037264481459,-9.39591208211138,5.35908932532429e-18,2.59310773806014e-16,30.254272730117
"FRY",-1.01155017854889,6.82114637384875,-8.39410111893307,4.51580603557424e-15,1.36842607138613e-13,23.6464394798912
"FOXA2",-1.00995250435789,6.89900119455984,-9.86651139711426,2.01869760087519e-19,1.12149866715289e-17,33.4746610253278
"ADM",1.00712036813173,7.69657571557855,6.41946496755004,7.53895644698651e-10,8.47073758088372e-09,11.903106909453
"BUB1",1.00559170495608,6.03578913857116,10.6608367668346,6.95087244381185e-22,6.72665075207599e-20,39.0489639208813
"AQP1",-1.00227766308432,8.92220303504855,-5.07017849317466,8.0831507918374e-07,5.01021743295707e-06,5.15677013746562
"CCNA2",1.00031850227876,6.23913632404045,11.0269416636836,4.84493865211365e-23,7.64990313491629e-21,41.6682402868723
"TTK",1.00030481970532,5.55173587688924,9.59120058022033,1.38561809575127e-18,7.16699015043759e-17,31.5825097979739
