"Model","Setup","Accuracy","Precision","Recall","F1_score","AUC"
"RF","Setup1",0.903083700440529,0.923976608187134,0.946107784431138,0.93491124260355,0.959730538922156
"RF","Setup2",0.911894273127753,0.92485549132948,0.958083832335329,0.941176470588235,0.963522954091816
"RF","Setup3",0.881057268722467,0.902298850574713,0.940119760479042,0.920821114369501,0.936776447105788
"SVM","Setup1",0.916299559471366,0.94047619047619,0.946107784431138,0.943283582089552,0.946007984031936
"SVM","Setup2",0.916299559471366,0.935294117647059,0.952095808383233,0.943620178041543,0.949301397205589
"SVM","Setup3",0.907488986784141,0.93452380952381,0.940119760479042,0.937313432835821,0.950499001996008
"GLM","Setup1",0.837004405286344,0.916666666666667,0.856287425149701,0.885448916408669,0.862075848303393
"GLM","Setup2",0.885462555066079,0.937888198757764,0.904191616766467,0.920731707317073,0.905089820359281
"GLM","Setup3",0.894273127753304,0.933333333333333,0.922155688622755,0.927710843373494,0.937624750499002
